scenario,method,metric,mean,std
S1_load_step,No FFR,nadir_hz,49.37325562728203,0.2029005703378347
S1_load_step,No FFR,zenith_hz,50.19408795357079,0.03768251451857934
S1_load_step,No FFR,rocof_max_hz_s,1.646283709574145,0.5969341456107558
S1_load_step,No FFR,delta_f_max_hz,0.6267443727179739,0.2029005703378347
S1_load_step,No FFR,settling_time_s,15.4,1.1135528725660042
S1_load_step,No FFR,iae_total,6.70648422432137,0.5695163587367886
S1_load_step,No FFR,iae_post,3.61232980119445,0.6841677633144229
S1_load_step,No FFR,itae,506.6554678088731,21.407639969955056
S1_load_step,No FFR,time_in_violation_s,1.0,0.8366600265340756
S1_load_step,No FFR,ffr_success,0.35,0.47696960070847283
S1_load_step,Fixed Droop,nadir_hz,49.33575841472567,0.21383374956579695
S1_load_step,Fixed Droop,zenith_hz,50.19447877597598,0.037198742710993396
S1_load_step,Fixed Droop,rocof_max_hz_s,2.1862138920335052,0.6893068287008536
S1_load_step,Fixed Droop,delta_f_max_hz,0.6642415852743365,0.21383374956579695
S1_load_step,Fixed Droop,settling_time_s,16.15,1.7684739183827396
S1_load_step,Fixed Droop,iae_total,6.08597706533846,0.406649647938155
S1_load_step,Fixed Droop,iae_post,3.3130698768887235,0.513590119664898
S1_load_step,Fixed Droop,itae,453.16176459551616,84.52255202135859
S1_load_step,Fixed Droop,time_in_violation_s,1.75,1.1346805717910218
S1_load_step,Fixed Droop,ffr_success,0.2,0.4
S1_load_step,MATD3,nadir_hz,49.65801186943236,0.07805922897621168
S1_load_step,MATD3,zenith_hz,50.29244873951463,0.11983108964380315
S1_load_step,MATD3,rocof_max_hz_s,2.598832331351125,0.6074223746176103
S1_load_step,MATD3,delta_f_max_hz,0.35935733577756646,0.10647829903011811
S1_load_step,MATD3,settling_time_s,23.15,19.68571817333571
S1_load_step,MATD3,iae_total,10.420720532929902,11.358959173636826
S1_load_step,MATD3,iae_post,1.701387077425031,2.0013277938149296
S1_load_step,MATD3,itae,950.3668159408211,1435.9760623310822
S1_load_step,MATD3,time_in_violation_s,0.1,0.30000000000000004
S1_load_step,MATD3,ffr_success,0.1,0.30000000000000004
S1_load_step,GCNN-PPO,nadir_hz,49.64933333215911,0.13361560224373661
S1_load_step,GCNN-PPO,zenith_hz,50.460093343863356,0.20130398330396587
S1_load_step,GCNN-PPO,rocof_max_hz_s,2.8731307397340764,0.6389334622550823
S1_load_step,GCNN-PPO,delta_f_max_hz,0.473471093130453,0.19966865806827086
S1_load_step,GCNN-PPO,settling_time_s,50.0,0.0
S1_load_step,GCNN-PPO,iae_total,39.53443841040754,20.799899982371024
S1_load_step,GCNN-PPO,iae_post,5.781227365442651,3.6372280250026696
S1_load_step,GCNN-PPO,itae,5038.975361685713,2789.7499158811142
S1_load_step,GCNN-PPO,time_in_violation_s,0.45,0.8046738469715541
S1_load_step,GCNN-PPO,ffr_success,0.0,0.0
S1_load_step,MLP-MAPPO,nadir_hz,49.40624461039515,0.28801246314443985
S1_load_step,MLP-MAPPO,zenith_hz,50.652210661395635,0.32966510597819376
S1_load_step,MLP-MAPPO,rocof_max_hz_s,3.9665823699443963,1.5314887477529642
S1_load_step,MLP-MAPPO,delta_f_max_hz,0.6972476637343548,0.3353611470236049
S1_load_step,MLP-MAPPO,settling_time_s,49.9,0.3
S1_load_step,MLP-MAPPO,iae_total,67.80514872369625,32.917425286987765
S1_load_step,MLP-MAPPO,iae_post,11.178086301772094,5.651766906071781
S1_load_step,MLP-MAPPO,itae,8301.6988008661,4122.554088028048
S1_load_step,MLP-MAPPO,time_in_violation_s,5.7,14.59143584435747
S1_load_step,MLP-MAPPO,ffr_success,0.0,0.0
S1_load_step,GraphSAGE-MAPPO,nadir_hz,49.70868668956695,0.06526347535188447
S1_load_step,GraphSAGE-MAPPO,zenith_hz,50.212723037404395,0.08725233260796361
S1_load_step,GraphSAGE-MAPPO,rocof_max_hz_s,3.045863452927353,0.5608527588219916
S1_load_step,GraphSAGE-MAPPO,delta_f_max_hz,0.29131331043304626,0.06526347535188447
S1_load_step,GraphSAGE-MAPPO,settling_time_s,7.25,1.7571283390805579
S1_load_step,GraphSAGE-MAPPO,iae_total,5.571931072740904,1.4001719596288866
S1_load_step,GraphSAGE-MAPPO,iae_post,0.8240315176366366,0.24331631519579913
S1_load_step,GraphSAGE-MAPPO,itae,444.3473637458195,136.8219101567352
S1_load_step,GraphSAGE-MAPPO,time_in_violation_s,0.0,0.0
S1_load_step,GraphSAGE-MAPPO,ffr_success,0.1,0.30000000000000004
S2_gen_trip,No FFR,nadir_hz,49.02422266520681,0.3154329678321744
S2_gen_trip,No FFR,zenith_hz,50.30277720757043,0.058784722648983934
S2_gen_trip,No FFR,rocof_max_hz_s,2.5634468517512823,0.9363460795567857
S2_gen_trip,No FFR,delta_f_max_hz,0.9757773347931991,0.3154329678321744
S2_gen_trip,No FFR,settling_time_s,17.2,0.9797958971132712
S2_gen_trip,No FFR,iae_total,8.759536073487068,1.002036993177618
S2_gen_trip,No FFR,iae_post,5.57072656173745,1.1375440964108499
S2_gen_trip,No FFR,itae,523.932090526027,18.204048234702324
S2_gen_trip,No FFR,time_in_violation_s,3.75,2.5470571253900056
S2_gen_trip,No FFR,ffr_success,0.1,0.30000000000000004
S2_gen_trip,Fixed Droop,nadir_hz,48.96558121029683,0.33241659285275327
S2_gen_trip,Fixed Droop,zenith_hz,50.30277720757043,0.058784722648983934
S2_gen_trip,Fixed Droop,rocof_max_hz_s,3.2064770517739234,0.9933343749175084
S2_gen_trip,Fixed Droop,delta_f_max_hz,1.0344187897031667,0.33241659285275327
S2_gen_trip,Fixed Droop,settling_time_s,16.0,1.0
S2_gen_trip,Fixed Droop,iae_total,7.200169024640829,0.5679034485026402
S2_gen_trip,Fixed Droop,iae_post,4.7783459755153155,0.6653837160032601
S2_gen_trip,Fixed Droop,itae,393.4586722308254,148.6328470620887
S2_gen_trip,Fixed Droop,time_in_violation_s,2.95,1.627114009527298
S2_gen_trip,Fixed Droop,ffr_success,0.1,0.30000000000000004
S2_gen_trip,MATD3,nadir_hz,49.61339553340123,0.12071860944532184
S2_gen_trip,MATD3,zenith_hz,50.677951589023145,0.18613241291677038
S2_gen_trip,MATD3,rocof_max_hz_s,2.3519234190865626,0.6102146161666148
S2_gen_trip,MATD3,delta_f_max_hz,0.6779515890231405,0.1861324129167704
S2_gen_trip,MATD3,settling_time_s,49.2,0.9273618495495705
S2_gen_trip,MATD3,iae_total,18.188044196883464,4.639039770608607
S2_gen_trip,MATD3,iae_post,3.711882717734386,0.9898733629020117
S2_gen_trip,MATD3,itae,1858.052084320041,476.74584123536124
S2_gen_trip,MATD3,time_in_violation_s,1.1,0.7000000000000001
S2_gen_trip,MATD3,ffr_success,0.2,0.4
S2_gen_trip,GCNN-PPO,nadir_hz,49.62761957641575,0.1550225052922238
S2_gen_trip,GCNN-PPO,zenith_hz,50.54238043778507,0.19397890726781122
S2_gen_trip,GCNN-PPO,rocof_max_hz_s,3.406345177296809,0.9349017483355396
S2_gen_trip,GCNN-PPO,delta_f_max_hz,0.5571308222063298,0.18601168078939226
S2_gen_trip,GCNN-PPO,settling_time_s,49.55,1.116915395184434
S2_gen_trip,GCNN-PPO,iae_total,30.371649606170184,8.465554306415958
S2_gen_trip,GCNN-PPO,iae_post,5.05753099825518,1.4607178650928547
S2_gen_trip,GCNN-PPO,itae,3532.4247268480044,1001.0326447539843
S2_gen_trip,GCNN-PPO,time_in_violation_s,0.9,0.9433981132056604
S2_gen_trip,GCNN-PPO,ffr_success,0.0,0.0
S2_gen_trip,MLP-MAPPO,nadir_hz,49.367186726904194,0.2695142619404639
S2_gen_trip,MLP-MAPPO,zenith_hz,50.63178413457624,0.23087462612623727
S2_gen_trip,MLP-MAPPO,rocof_max_hz_s,4.150022413605617,1.2199447186080188
S2_gen_trip,MLP-MAPPO,delta_f_max_hz,0.6986979069021313,0.2518566486336144
S2_gen_trip,MLP-MAPPO,settling_time_s,47.45,9.404653103650343
S2_gen_trip,MLP-MAPPO,iae_total,61.458961328560406,32.09376837472459
S2_gen_trip,MLP-MAPPO,iae_post,10.354847418412284,5.5607145192804355
S2_gen_trip,MLP-MAPPO,itae,7473.501361032957,4113.527387057012
S2_gen_trip,MLP-MAPPO,time_in_violation_s,6.05,15.935730293902441
S2_gen_trip,MLP-MAPPO,ffr_success,0.0,0.0
S2_gen_trip,GraphSAGE-MAPPO,nadir_hz,49.70848941551023,0.06565234199932242
S2_gen_trip,GraphSAGE-MAPPO,zenith_hz,50.64967632113971,0.18760296258546916
S2_gen_trip,GraphSAGE-MAPPO,rocof_max_hz_s,2.3534986392668493,0.406616678075534
S2_gen_trip,GraphSAGE-MAPPO,delta_f_max_hz,0.6496763211397039,0.1876029625854692
S2_gen_trip,GraphSAGE-MAPPO,settling_time_s,7.75,1.1346805717910218
S2_gen_trip,GraphSAGE-MAPPO,iae_total,4.850593383273698,1.1417255422728274
S2_gen_trip,GraphSAGE-MAPPO,iae_post,1.2187673279287794,0.25598102791809724
S2_gen_trip,GraphSAGE-MAPPO,itae,227.12495479937257,93.75731632146314
S2_gen_trip,GraphSAGE-MAPPO,time_in_violation_s,0.8,0.4
S2_gen_trip,GraphSAGE-MAPPO,ffr_success,0.1,0.30000000000000004
S3_line_trip,No FFR,nadir_hz,49.39838973291611,0.19464159085227675
S3_line_trip,No FFR,zenith_hz,50.186324435427956,0.03617521393783517
S3_line_trip,No FFR,rocof_max_hz_s,1.580918712544173,0.5724987565749164
S3_line_trip,No FFR,delta_f_max_hz,0.6016102670838919,0.19464159085227675
S3_line_trip,No FFR,settling_time_s,15.3,1.004987562112089
S3_line_trip,No FFR,iae_total,6.567212727489176,0.5758328755533987
S3_line_trip,No FFR,iae_post,3.4832496603013587,0.6673759627128162
S3_line_trip,No FFR,itae,504.9628718293842,17.332940328909604
S3_line_trip,No FFR,time_in_violation_s,1.0,0.8366600265340756
S3_line_trip,No FFR,ffr_success,0.35,0.47696960070847283
S3_line_trip,Fixed Droop,nadir_hz,49.362475628503695,0.2052424986961415
S3_line_trip,Fixed Droop,zenith_hz,50.18902084261525,0.0327855626398065
S3_line_trip,Fixed Droop,rocof_max_hz_s,2.104538129111371,0.6676734610295981
S3_line_trip,Fixed Droop,delta_f_max_hz,0.6375243714963045,0.2052424986961415
S3_line_trip,Fixed Droop,settling_time_s,16.9,2.896549671592048
S3_line_trip,Fixed Droop,iae_total,5.564505363496686,0.8063575896897324
S3_line_trip,Fixed Droop,iae_post,3.1930334766816832,0.4824642134127893
S3_line_trip,Fixed Droop,itae,388.5749727566838,177.93918717399023
S3_line_trip,Fixed Droop,time_in_violation_s,1.35,1.2757350822173075
S3_line_trip,Fixed Droop,ffr_success,0.35,0.47696960070847283
S3_line_trip,MATD3,nadir_hz,49.664658493857445,0.07614793167265024
S3_line_trip,MATD3,zenith_hz,50.31308478074377,0.1610151400763463
S3_line_trip,MATD3,rocof_max_hz_s,2.343458799851255,0.4655879222046211
S3_line_trip,MATD3,delta_f_max_hz,0.3742760962422942,0.12516195074158545
S3_line_trip,MATD3,settling_time_s,25.2,20.650907970353263
S3_line_trip,MATD3,iae_total,13.775668084259175,15.357346198262622
S3_line_trip,MATD3,iae_post,2.398147891980371,2.7157608390228587
S3_line_trip,MATD3,itae,1391.133967047405,1943.5232295104556
S3_line_trip,MATD3,time_in_violation_s,0.25,0.4330127018922193
S3_line_trip,MATD3,ffr_success,0.1,0.30000000000000004
S3_line_trip,GCNN-PPO,nadir_hz,49.624042361643454,0.1646967120836731
S3_line_trip,GCNN-PPO,zenith_hz,50.4232351394362,0.16376963850449494
S3_line_trip,GCNN-PPO,rocof_max_hz_s,3.0696526756055436,0.6010656631818291
S3_line_trip,GCNN-PPO,delta_f_max_hz,0.46353274613513984,0.16827889928206566
S3_line_trip,GCNN-PPO,settling_time_s,49.75,0.4330127018922193
S3_line_trip,GCNN-PPO,iae_total,42.32269090752756,17.823170916042137
S3_line_trip,GCNN-PPO,iae_post,6.058169224344324,2.861591487740363
S3_line_trip,GCNN-PPO,itae,5458.585614433539,2388.176069062048
S3_line_trip,GCNN-PPO,time_in_violation_s,0.75,1.0428326807307104
S3_line_trip,GCNN-PPO,ffr_success,0.05,0.21794494717703364
S3_line_trip,MLP-MAPPO,nadir_hz,49.34416833213209,0.3023223750538215
S3_line_trip,MLP-MAPPO,zenith_hz,50.64744824488828,0.29081557207659725
S3_line_trip,MLP-MAPPO,rocof_max_hz_s,3.9926555506987653,1.8249888690876632
S3_line_trip,MLP-MAPPO,delta_f_max_hz,0.7074922766469072,0.3061906482245098
S3_line_trip,MLP-MAPPO,settling_time_s,48.55,6.320403468133976
S3_line_trip,MLP-MAPPO,iae_total,70.86393828380355,28.977297715709394
S3_line_trip,MLP-MAPPO,iae_post,11.115820959310204,5.012587448371413
S3_line_trip,MLP-MAPPO,itae,8841.524171847033,3784.328280035465
S3_line_trip,MLP-MAPPO,time_in_violation_s,4.95,9.526148224754852
S3_line_trip,MLP-MAPPO,ffr_success,0.15,0.3570714214271425
S3_line_trip,GraphSAGE-MAPPO,nadir_hz,49.70894470455586,0.06517183749895443
S3_line_trip,GraphSAGE-MAPPO,zenith_hz,50.172622212013046,0.07419920444160856
S3_line_trip,GraphSAGE-MAPPO,rocof_max_hz_s,3.0481042370907026,0.5981274922092438
S3_line_trip,GraphSAGE-MAPPO,delta_f_max_hz,0.2910552954441304,0.06517183749895443
S3_line_trip,GraphSAGE-MAPPO,settling_time_s,6.75,1.7571283390805579
S3_line_trip,GraphSAGE-MAPPO,iae_total,5.617190332356253,1.2831715754249367
S3_line_trip,GraphSAGE-MAPPO,iae_post,0.816433543953688,0.19970704704250802
S3_line_trip,GraphSAGE-MAPPO,itae,457.26357788483665,126.14943669617278
S3_line_trip,GraphSAGE-MAPPO,time_in_violation_s,0.0,0.0
S3_line_trip,GraphSAGE-MAPPO,ffr_success,0.1,0.30000000000000004
S4_high_ren_surge,No FFR,nadir_hz,49.63511464728691,0.0708431272949284
S4_high_ren_surge,No FFR,zenith_hz,51.17550428412694,0.3797690342345075
S4_high_ren_surge,No FFR,rocof_max_hz_s,3.0886519765503815,1.1292077131272567
S4_high_ren_surge,No FFR,delta_f_max_hz,1.1755042841269336,0.3797690342345075
S4_high_ren_surge,No FFR,settling_time_s,19.9,10.044401425669925
S4_high_ren_surge,No FFR,iae_total,12.66561021846182,7.2711463625979516
S4_high_ren_surge,No FFR,iae_post,7.0662440919734495,1.1626928535640506
S4_high_ren_surge,No FFR,itae,920.2134353489497,1130.9661817633487
S4_high_ren_surge,No FFR,time_in_violation_s,5.65,2.6509432283623124
S4_high_ren_surge,No FFR,ffr_success,0.0,0.0
S4_high_ren_surge,Fixed Droop,nadir_hz,49.63511464728691,0.0708431272949284
S4_high_ren_surge,Fixed Droop,zenith_hz,51.25945332784354,0.4045707625515761
S4_high_ren_surge,Fixed Droop,rocof_max_hz_s,3.4535377229276394,0.9399478810141947
S4_high_ren_surge,Fixed Droop,delta_f_max_hz,1.2594533278435318,0.4045707625515761
S4_high_ren_surge,Fixed Droop,settling_time_s,45.05,11.783356907095703
S4_high_ren_surge,Fixed Droop,iae_total,36.17469743550311,12.08799205655896
S4_high_ren_surge,Fixed Droop,iae_post,9.824934137283183,2.3682347659064535
S4_high_ren_surge,Fixed Droop,itae,4320.126367555724,1629.1161341192587
S4_high_ren_surge,Fixed Droop,time_in_violation_s,4.4,1.5937377450509227
S4_high_ren_surge,Fixed Droop,ffr_success,0.0,0.0
S4_high_ren_surge,MATD3,nadir_hz,49.225160144565656,0.23942681869326557
S4_high_ren_surge,MATD3,zenith_hz,50.30845476245051,0.3873534322879558
S4_high_ren_surge,MATD3,rocof_max_hz_s,3.727243451899265,1.031712982030705
S4_high_ren_surge,MATD3,delta_f_max_hz,0.7762251350196199,0.24172781277414757
S4_high_ren_surge,MATD3,settling_time_s,22.5,20.21756661915573
S4_high_ren_surge,MATD3,iae_total,14.901167260218617,12.302960482782991
S4_high_ren_surge,MATD3,iae_post,3.4177922693359184,2.5465912579545966
S4_high_ren_surge,MATD3,itae,1381.169290378742,1434.1563852598035
S4_high_ren_surge,MATD3,time_in_violation_s,1.8,1.1224972160321824
S4_high_ren_surge,MATD3,ffr_success,0.0,0.0
S4_high_ren_surge,GCNN-PPO,nadir_hz,49.289644242528595,0.23665647527887965
S4_high_ren_surge,GCNN-PPO,zenith_hz,50.51326297243635,0.29949326865729253
S4_high_ren_surge,GCNN-PPO,rocof_max_hz_s,3.778544074493369,1.318528802859112
S4_high_ren_surge,GCNN-PPO,delta_f_max_hz,0.7456084317343759,0.30383856585400165
S4_high_ren_surge,GCNN-PPO,settling_time_s,49.9,0.43588989435406733
S4_high_ren_surge,GCNN-PPO,iae_total,33.242108344846685,8.506519494630208
S4_high_ren_surge,GCNN-PPO,iae_post,5.892352830689281,1.7234445025207366
S4_high_ren_surge,GCNN-PPO,itae,3891.0970342130795,952.2194476011315
S4_high_ren_surge,GCNN-PPO,time_in_violation_s,2.05,1.8020821290940099
S4_high_ren_surge,GCNN-PPO,ffr_success,0.05,0.21794494717703364
S4_high_ren_surge,MLP-MAPPO,nadir_hz,49.20611077845918,0.2456051684307264
S4_high_ren_surge,MLP-MAPPO,zenith_hz,50.591556072097546,0.22216281325067247
S4_high_ren_surge,MLP-MAPPO,rocof_max_hz_s,3.6254332010015218,1.2013948883865704
S4_high_ren_surge,MLP-MAPPO,delta_f_max_hz,0.8009666387338559,0.25125441916766583
S4_high_ren_surge,MLP-MAPPO,settling_time_s,50.0,0.0
S4_high_ren_surge,MLP-MAPPO,iae_total,73.26833308045853,20.714751065223236
S4_high_ren_surge,MLP-MAPPO,iae_post,11.869248867862463,3.5870611772202925
S4_high_ren_surge,MLP-MAPPO,itae,9303.345233833074,2644.892751137623
S4_high_ren_surge,MLP-MAPPO,time_in_violation_s,12.25,25.582953308795293
S4_high_ren_surge,MLP-MAPPO,ffr_success,0.15,0.3570714214271425
S4_high_ren_surge,GraphSAGE-MAPPO,nadir_hz,49.201246952363405,0.25677316583761767
S4_high_ren_surge,GraphSAGE-MAPPO,zenith_hz,50.0099434149718,0.02494184975036499
S4_high_ren_surge,GraphSAGE-MAPPO,rocof_max_hz_s,3.0032099700933808,0.2965047425545332
S4_high_ren_surge,GraphSAGE-MAPPO,delta_f_max_hz,0.7987530476366025,0.2567731658376177
S4_high_ren_surge,GraphSAGE-MAPPO,settling_time_s,22.75,20.054612935681405
S4_high_ren_surge,GraphSAGE-MAPPO,iae_total,19.998702977100557,19.180891228065843
S4_high_ren_surge,GraphSAGE-MAPPO,iae_post,4.086617897761632,3.439185509161466
S4_high_ren_surge,GraphSAGE-MAPPO,itae,2230.13840117815,2519.829281646866
S4_high_ren_surge,GraphSAGE-MAPPO,time_in_violation_s,1.45,0.8046738469715541
S4_high_ren_surge,GraphSAGE-MAPPO,ffr_success,0.0,0.0
